--
-- PostgreSQL database dump
--

-- Dumped from database version 17.4
-- Dumped by pg_dump version 17.4

-- Started on 2025-05-19 00:29:27

SET statement_timeout = 0;
SET lock_timeout = 0;
SET idle_in_transaction_session_timeout = 0;
SET transaction_timeout = 0;
SET client_encoding = 'UTF8';
SET standard_conforming_strings = on;
SELECT pg_catalog.set_config('search_path', '', false);
SET check_function_bodies = false;
SET xmloption = content;
SET client_min_messages = warning;
SET row_security = off;

SET default_tablespace = '';

SET default_table_access_method = heap;

--
-- TOC entry 236 (class 1259 OID 16521)
-- Name: api_artist; Type: TABLE; Schema: public; Owner: radio_user
--

CREATE TABLE public.api_artist (
    id bigint NOT NULL,
    first_name character varying(100) NOT NULL,
    last_name character varying(100) NOT NULL,
    created_at timestamp with time zone NOT NULL
);


ALTER TABLE public.api_artist OWNER TO radio_user;

--
-- TOC entry 235 (class 1259 OID 16520)
-- Name: api_artist_id_seq; Type: SEQUENCE; Schema: public; Owner: radio_user
--

ALTER TABLE public.api_artist ALTER COLUMN id ADD GENERATED BY DEFAULT AS IDENTITY (
    SEQUENCE NAME public.api_artist_id_seq
    START WITH 1
    INCREMENT BY 1
    NO MINVALUE
    NO MAXVALUE
    CACHE 1
);


--
-- TOC entry 238 (class 1259 OID 16527)
-- Name: api_hit; Type: TABLE; Schema: public; Owner: radio_user
--

CREATE TABLE public.api_hit (
    id bigint NOT NULL,
    title character varying(200) NOT NULL,
    title_url character varying(50) NOT NULL,
    created_at timestamp with time zone NOT NULL,
    updated_at timestamp with time zone NOT NULL,
    artist_id bigint NOT NULL
);


ALTER TABLE public.api_hit OWNER TO radio_user;

--
-- TOC entry 237 (class 1259 OID 16526)
-- Name: api_hit_id_seq; Type: SEQUENCE; Schema: public; Owner: radio_user
--

ALTER TABLE public.api_hit ALTER COLUMN id ADD GENERATED BY DEFAULT AS IDENTITY (
    SEQUENCE NAME public.api_hit_id_seq
    START WITH 1
    INCREMENT BY 1
    NO MINVALUE
    NO MAXVALUE
    CACHE 1
);


--
-- TOC entry 224 (class 1259 OID 16414)
-- Name: auth_group; Type: TABLE; Schema: public; Owner: radio_user
--

CREATE TABLE public.auth_group (
    id integer NOT NULL,
    name character varying(150) NOT NULL
);


ALTER TABLE public.auth_group OWNER TO radio_user;

--
-- TOC entry 223 (class 1259 OID 16413)
-- Name: auth_group_id_seq; Type: SEQUENCE; Schema: public; Owner: radio_user
--

ALTER TABLE public.auth_group ALTER COLUMN id ADD GENERATED BY DEFAULT AS IDENTITY (
    SEQUENCE NAME public.auth_group_id_seq
    START WITH 1
    INCREMENT BY 1
    NO MINVALUE
    NO MAXVALUE
    CACHE 1
);


--
-- TOC entry 226 (class 1259 OID 16422)
-- Name: auth_group_permissions; Type: TABLE; Schema: public; Owner: radio_user
--

CREATE TABLE public.auth_group_permissions (
    id bigint NOT NULL,
    group_id integer NOT NULL,
    permission_id integer NOT NULL
);


ALTER TABLE public.auth_group_permissions OWNER TO radio_user;

--
-- TOC entry 225 (class 1259 OID 16421)
-- Name: auth_group_permissions_id_seq; Type: SEQUENCE; Schema: public; Owner: radio_user
--

ALTER TABLE public.auth_group_permissions ALTER COLUMN id ADD GENERATED BY DEFAULT AS IDENTITY (
    SEQUENCE NAME public.auth_group_permissions_id_seq
    START WITH 1
    INCREMENT BY 1
    NO MINVALUE
    NO MAXVALUE
    CACHE 1
);


--
-- TOC entry 222 (class 1259 OID 16408)
-- Name: auth_permission; Type: TABLE; Schema: public; Owner: radio_user
--

CREATE TABLE public.auth_permission (
    id integer NOT NULL,
    name character varying(255) NOT NULL,
    content_type_id integer NOT NULL,
    codename character varying(100) NOT NULL
);


ALTER TABLE public.auth_permission OWNER TO radio_user;

--
-- TOC entry 221 (class 1259 OID 16407)
-- Name: auth_permission_id_seq; Type: SEQUENCE; Schema: public; Owner: radio_user
--

ALTER TABLE public.auth_permission ALTER COLUMN id ADD GENERATED BY DEFAULT AS IDENTITY (
    SEQUENCE NAME public.auth_permission_id_seq
    START WITH 1
    INCREMENT BY 1
    NO MINVALUE
    NO MAXVALUE
    CACHE 1
);


--
-- TOC entry 228 (class 1259 OID 16428)
-- Name: auth_user; Type: TABLE; Schema: public; Owner: radio_user
--

CREATE TABLE public.auth_user (
    id integer NOT NULL,
    password character varying(128) NOT NULL,
    last_login timestamp with time zone,
    is_superuser boolean NOT NULL,
    username character varying(150) NOT NULL,
    first_name character varying(150) NOT NULL,
    last_name character varying(150) NOT NULL,
    email character varying(254) NOT NULL,
    is_staff boolean NOT NULL,
    is_active boolean NOT NULL,
    date_joined timestamp with time zone NOT NULL
);


ALTER TABLE public.auth_user OWNER TO radio_user;

--
-- TOC entry 230 (class 1259 OID 16436)
-- Name: auth_user_groups; Type: TABLE; Schema: public; Owner: radio_user
--

CREATE TABLE public.auth_user_groups (
    id bigint NOT NULL,
    user_id integer NOT NULL,
    group_id integer NOT NULL
);


ALTER TABLE public.auth_user_groups OWNER TO radio_user;

--
-- TOC entry 229 (class 1259 OID 16435)
-- Name: auth_user_groups_id_seq; Type: SEQUENCE; Schema: public; Owner: radio_user
--

ALTER TABLE public.auth_user_groups ALTER COLUMN id ADD GENERATED BY DEFAULT AS IDENTITY (
    SEQUENCE NAME public.auth_user_groups_id_seq
    START WITH 1
    INCREMENT BY 1
    NO MINVALUE
    NO MAXVALUE
    CACHE 1
);


--
-- TOC entry 227 (class 1259 OID 16427)
-- Name: auth_user_id_seq; Type: SEQUENCE; Schema: public; Owner: radio_user
--

ALTER TABLE public.auth_user ALTER COLUMN id ADD GENERATED BY DEFAULT AS IDENTITY (
    SEQUENCE NAME public.auth_user_id_seq
    START WITH 1
    INCREMENT BY 1
    NO MINVALUE
    NO MAXVALUE
    CACHE 1
);


--
-- TOC entry 232 (class 1259 OID 16442)
-- Name: auth_user_user_permissions; Type: TABLE; Schema: public; Owner: radio_user
--

CREATE TABLE public.auth_user_user_permissions (
    id bigint NOT NULL,
    user_id integer NOT NULL,
    permission_id integer NOT NULL
);


ALTER TABLE public.auth_user_user_permissions OWNER TO radio_user;

--
-- TOC entry 231 (class 1259 OID 16441)
-- Name: auth_user_user_permissions_id_seq; Type: SEQUENCE; Schema: public; Owner: radio_user
--

ALTER TABLE public.auth_user_user_permissions ALTER COLUMN id ADD GENERATED BY DEFAULT AS IDENTITY (
    SEQUENCE NAME public.auth_user_user_permissions_id_seq
    START WITH 1
    INCREMENT BY 1
    NO MINVALUE
    NO MAXVALUE
    CACHE 1
);


--
-- TOC entry 234 (class 1259 OID 16500)
-- Name: django_admin_log; Type: TABLE; Schema: public; Owner: radio_user
--

CREATE TABLE public.django_admin_log (
    id integer NOT NULL,
    action_time timestamp with time zone NOT NULL,
    object_id text,
    object_repr character varying(200) NOT NULL,
    action_flag smallint NOT NULL,
    change_message text NOT NULL,
    content_type_id integer,
    user_id integer NOT NULL,
    CONSTRAINT django_admin_log_action_flag_check CHECK ((action_flag >= 0))
);


ALTER TABLE public.django_admin_log OWNER TO radio_user;

--
-- TOC entry 233 (class 1259 OID 16499)
-- Name: django_admin_log_id_seq; Type: SEQUENCE; Schema: public; Owner: radio_user
--

ALTER TABLE public.django_admin_log ALTER COLUMN id ADD GENERATED BY DEFAULT AS IDENTITY (
    SEQUENCE NAME public.django_admin_log_id_seq
    START WITH 1
    INCREMENT BY 1
    NO MINVALUE
    NO MAXVALUE
    CACHE 1
);


--
-- TOC entry 220 (class 1259 OID 16400)
-- Name: django_content_type; Type: TABLE; Schema: public; Owner: radio_user
--

CREATE TABLE public.django_content_type (
    id integer NOT NULL,
    app_label character varying(100) NOT NULL,
    model character varying(100) NOT NULL
);


ALTER TABLE public.django_content_type OWNER TO radio_user;

--
-- TOC entry 219 (class 1259 OID 16399)
-- Name: django_content_type_id_seq; Type: SEQUENCE; Schema: public; Owner: radio_user
--

ALTER TABLE public.django_content_type ALTER COLUMN id ADD GENERATED BY DEFAULT AS IDENTITY (
    SEQUENCE NAME public.django_content_type_id_seq
    START WITH 1
    INCREMENT BY 1
    NO MINVALUE
    NO MAXVALUE
    CACHE 1
);


--
-- TOC entry 218 (class 1259 OID 16392)
-- Name: django_migrations; Type: TABLE; Schema: public; Owner: radio_user
--

CREATE TABLE public.django_migrations (
    id bigint NOT NULL,
    app character varying(255) NOT NULL,
    name character varying(255) NOT NULL,
    applied timestamp with time zone NOT NULL
);


ALTER TABLE public.django_migrations OWNER TO radio_user;

--
-- TOC entry 217 (class 1259 OID 16391)
-- Name: django_migrations_id_seq; Type: SEQUENCE; Schema: public; Owner: radio_user
--

ALTER TABLE public.django_migrations ALTER COLUMN id ADD GENERATED BY DEFAULT AS IDENTITY (
    SEQUENCE NAME public.django_migrations_id_seq
    START WITH 1
    INCREMENT BY 1
    NO MINVALUE
    NO MAXVALUE
    CACHE 1
);


--
-- TOC entry 239 (class 1259 OID 16549)
-- Name: django_session; Type: TABLE; Schema: public; Owner: radio_user
--

CREATE TABLE public.django_session (
    session_key character varying(40) NOT NULL,
    session_data text NOT NULL,
    expire_date timestamp with time zone NOT NULL
);


ALTER TABLE public.django_session OWNER TO radio_user;

--
-- TOC entry 5027 (class 0 OID 16521)
-- Dependencies: 236
-- Data for Name: api_artist; Type: TABLE DATA; Schema: public; Owner: radio_user
--

COPY public.api_artist (id, first_name, last_name, created_at) FROM stdin;
4	Jan	Kowalski	2025-05-10 18:19:20.173198+02
5	Anna	Nowak	2025-05-10 18:19:20.176023+02
6	Piotr	Wiśniewski	2025-05-10 18:19:20.176023+02
\.


--
-- TOC entry 5029 (class 0 OID 16527)
-- Dependencies: 238
-- Data for Name: api_hit; Type: TABLE DATA; Schema: public; Owner: radio_user
--

COPY public.api_hit (id, title, title_url, created_at, updated_at, artist_id) FROM stdin;
21	Hit number 1	hit-number-1	2025-05-10 18:19:20.17702+02	2025-05-10 18:19:20.17702+02	5
22	Hit number 2	hit-number-2	2025-05-10 18:19:20.178392+02	2025-05-10 18:19:20.178392+02	6
24	Hit number 4	hit-number-4	2025-05-10 18:19:20.178392+02	2025-05-10 18:19:20.178392+02	5
25	Hit number 5	hit-number-5	2025-05-10 18:19:20.180892+02	2025-05-10 18:19:20.180892+02	6
26	Hit number 6	hit-number-6	2025-05-10 18:19:20.180892+02	2025-05-10 18:19:20.180892+02	4
27	Hit number 7	hit-number-7	2025-05-10 18:19:20.181888+02	2025-05-10 18:19:20.181888+02	5
28	Hit number 8	hit-number-8	2025-05-10 18:19:20.181888+02	2025-05-10 18:19:20.181888+02	6
29	Hit number 9	hit-number-9	2025-05-10 18:19:20.182885+02	2025-05-10 18:19:20.182885+02	4
30	Hit number 10	hit-number-10	2025-05-10 18:19:20.182885+02	2025-05-10 18:19:20.182885+02	5
31	Hit number 11	hit-number-11	2025-05-10 18:19:20.183882+02	2025-05-10 18:19:20.183882+02	6
32	Hit number 12	hit-number-12	2025-05-10 18:19:20.183882+02	2025-05-10 18:19:20.183882+02	4
33	Hit number 13	hit-number-13	2025-05-10 18:19:20.184878+02	2025-05-10 18:19:20.184878+02	5
34	Hit number 14	hit-number-14	2025-05-10 18:19:20.184878+02	2025-05-10 18:19:20.184878+02	6
35	Hit number 15	hit-number-15	2025-05-10 18:19:20.184878+02	2025-05-10 18:19:20.186121+02	4
36	Hit number 16	hit-number-16	2025-05-10 18:19:20.186121+02	2025-05-10 18:19:20.186121+02	5
37	Hit number 17	hit-number-17	2025-05-10 18:19:20.186121+02	2025-05-10 18:19:20.186121+02	6
38	Hit number 18	hit-number-18	2025-05-10 18:19:20.186121+02	2025-05-10 18:19:20.186121+02	4
39	Hit number 19	hit-number-19	2025-05-10 18:19:20.187156+02	2025-05-10 18:19:20.187156+02	5
23	Hit number 3	hit-number-3	2025-05-10 18:19:20.178392+02	2025-05-12 15:46:51.981039+02	4
40	Hit number 100	hit-number-20	2025-05-10 18:19:20.187156+02	2025-05-12 16:08:00.702468+02	4
42	hit test 800	hit-test-800	2025-05-12 16:08:32.182186+02	2025-05-12 16:08:32.182186+02	4
\.


--
-- TOC entry 5015 (class 0 OID 16414)
-- Dependencies: 224
-- Data for Name: auth_group; Type: TABLE DATA; Schema: public; Owner: radio_user
--

COPY public.auth_group (id, name) FROM stdin;
\.


--
-- TOC entry 5017 (class 0 OID 16422)
-- Dependencies: 226
-- Data for Name: auth_group_permissions; Type: TABLE DATA; Schema: public; Owner: radio_user
--

COPY public.auth_group_permissions (id, group_id, permission_id) FROM stdin;
\.


--
-- TOC entry 5013 (class 0 OID 16408)
-- Dependencies: 222
-- Data for Name: auth_permission; Type: TABLE DATA; Schema: public; Owner: radio_user
--

COPY public.auth_permission (id, name, content_type_id, codename) FROM stdin;
1	Can add log entry	1	add_logentry
2	Can change log entry	1	change_logentry
3	Can delete log entry	1	delete_logentry
4	Can view log entry	1	view_logentry
5	Can add permission	2	add_permission
6	Can change permission	2	change_permission
7	Can delete permission	2	delete_permission
8	Can view permission	2	view_permission
9	Can add group	3	add_group
10	Can change group	3	change_group
11	Can delete group	3	delete_group
12	Can view group	3	view_group
13	Can add user	4	add_user
14	Can change user	4	change_user
15	Can delete user	4	delete_user
16	Can view user	4	view_user
17	Can add content type	5	add_contenttype
18	Can change content type	5	change_contenttype
19	Can delete content type	5	delete_contenttype
20	Can view content type	5	view_contenttype
21	Can add session	6	add_session
22	Can change session	6	change_session
23	Can delete session	6	delete_session
24	Can view session	6	view_session
25	Can add artist	7	add_artist
26	Can change artist	7	change_artist
27	Can delete artist	7	delete_artist
28	Can view artist	7	view_artist
29	Can add hit	8	add_hit
30	Can change hit	8	change_hit
31	Can delete hit	8	delete_hit
32	Can view hit	8	view_hit
\.


--
-- TOC entry 5019 (class 0 OID 16428)
-- Dependencies: 228
-- Data for Name: auth_user; Type: TABLE DATA; Schema: public; Owner: radio_user
--

COPY public.auth_user (id, password, last_login, is_superuser, username, first_name, last_name, email, is_staff, is_active, date_joined) FROM stdin;
1	pbkdf2_sha256$1000000$SLdTzxBCVxHiH70FcwVQDs$VUgh6SRMup0WgLUA0NtcCOUitCeT29jQHIEGqFgjsKI=	2025-05-10 18:49:43.091405+02	t	hubert				t	t	2025-05-10 18:35:09.154821+02
\.


--
-- TOC entry 5021 (class 0 OID 16436)
-- Dependencies: 230
-- Data for Name: auth_user_groups; Type: TABLE DATA; Schema: public; Owner: radio_user
--

COPY public.auth_user_groups (id, user_id, group_id) FROM stdin;
\.


--
-- TOC entry 5023 (class 0 OID 16442)
-- Dependencies: 232
-- Data for Name: auth_user_user_permissions; Type: TABLE DATA; Schema: public; Owner: radio_user
--

COPY public.auth_user_user_permissions (id, user_id, permission_id) FROM stdin;
\.


--
-- TOC entry 5025 (class 0 OID 16500)
-- Dependencies: 234
-- Data for Name: django_admin_log; Type: TABLE DATA; Schema: public; Owner: radio_user
--

COPY public.django_admin_log (id, action_time, object_id, object_repr, action_flag, change_message, content_type_id, user_id) FROM stdin;
\.


--
-- TOC entry 5011 (class 0 OID 16400)
-- Dependencies: 220
-- Data for Name: django_content_type; Type: TABLE DATA; Schema: public; Owner: radio_user
--

COPY public.django_content_type (id, app_label, model) FROM stdin;
1	admin	logentry
2	auth	permission
3	auth	group
4	auth	user
5	contenttypes	contenttype
6	sessions	session
7	api	artist
8	api	hit
\.


--
-- TOC entry 5009 (class 0 OID 16392)
-- Dependencies: 218
-- Data for Name: django_migrations; Type: TABLE DATA; Schema: public; Owner: radio_user
--

COPY public.django_migrations (id, app, name, applied) FROM stdin;
1	contenttypes	0001_initial	2025-05-10 17:26:19.88822+02
2	auth	0001_initial	2025-05-10 17:26:19.90977+02
3	admin	0001_initial	2025-05-10 17:26:19.916823+02
4	admin	0002_logentry_remove_auto_add	2025-05-10 17:26:19.919823+02
5	admin	0003_logentry_add_action_flag_choices	2025-05-10 17:26:19.921875+02
6	api	0001_initial	2025-05-10 17:26:19.928057+02
7	contenttypes	0002_remove_content_type_name	2025-05-10 17:26:19.934112+02
8	auth	0002_alter_permission_name_max_length	2025-05-10 17:26:19.938112+02
9	auth	0003_alter_user_email_max_length	2025-05-10 17:26:19.941112+02
10	auth	0004_alter_user_username_opts	2025-05-10 17:26:19.9435+02
11	auth	0005_alter_user_last_login_null	2025-05-10 17:26:19.946301+02
12	auth	0006_require_contenttypes_0002	2025-05-10 17:26:19.946919+02
13	auth	0007_alter_validators_add_error_messages	2025-05-10 17:26:19.94892+02
14	auth	0008_alter_user_username_max_length	2025-05-10 17:26:19.952859+02
15	auth	0009_alter_user_last_name_max_length	2025-05-10 17:26:19.955858+02
16	auth	0010_alter_group_name_max_length	2025-05-10 17:26:19.959858+02
17	auth	0011_update_proxy_permissions	2025-05-10 17:26:19.96291+02
18	auth	0012_alter_user_first_name_max_length	2025-05-10 17:26:19.965881+02
19	sessions	0001_initial	2025-05-10 17:26:19.9685+02
\.


--
-- TOC entry 5030 (class 0 OID 16549)
-- Dependencies: 239
-- Data for Name: django_session; Type: TABLE DATA; Schema: public; Owner: radio_user
--

COPY public.django_session (session_key, session_data, expire_date) FROM stdin;
9rfz6u58f92vb4f8vbyd9pwyzw9rgj42	.eJxVjMsOwiAQRf-FtSG8GVy69xvIMIBUDU1KuzL-uzbpQrf3nHNfLOK2triNssQpszOT7PS7JaRH6TvId-y3mdPc12VKfFf4QQe_zrk8L4f7d9BwtG_tCT2kAlkkjShzVVoKY5SGJES1QlUbMNlgHVVQQI4QwTsjs6xGl8DeH-b9N8k:1uDnOR:lBOcxShonseo6hEUtKECrf4l2M8CNC3rc5bn5jpK24M	2025-05-24 18:49:43.091988+02
\.


--
-- TOC entry 5037 (class 0 OID 0)
-- Dependencies: 235
-- Name: api_artist_id_seq; Type: SEQUENCE SET; Schema: public; Owner: radio_user
--

SELECT pg_catalog.setval('public.api_artist_id_seq', 6, true);


--
-- TOC entry 5038 (class 0 OID 0)
-- Dependencies: 237
-- Name: api_hit_id_seq; Type: SEQUENCE SET; Schema: public; Owner: radio_user
--

SELECT pg_catalog.setval('public.api_hit_id_seq', 42, true);


--
-- TOC entry 5039 (class 0 OID 0)
-- Dependencies: 223
-- Name: auth_group_id_seq; Type: SEQUENCE SET; Schema: public; Owner: radio_user
--

SELECT pg_catalog.setval('public.auth_group_id_seq', 1, false);


--
-- TOC entry 5040 (class 0 OID 0)
-- Dependencies: 225
-- Name: auth_group_permissions_id_seq; Type: SEQUENCE SET; Schema: public; Owner: radio_user
--

SELECT pg_catalog.setval('public.auth_group_permissions_id_seq', 1, false);


--
-- TOC entry 5041 (class 0 OID 0)
-- Dependencies: 221
-- Name: auth_permission_id_seq; Type: SEQUENCE SET; Schema: public; Owner: radio_user
--

SELECT pg_catalog.setval('public.auth_permission_id_seq', 32, true);


--
-- TOC entry 5042 (class 0 OID 0)
-- Dependencies: 229
-- Name: auth_user_groups_id_seq; Type: SEQUENCE SET; Schema: public; Owner: radio_user
--

SELECT pg_catalog.setval('public.auth_user_groups_id_seq', 1, false);


--
-- TOC entry 5043 (class 0 OID 0)
-- Dependencies: 227
-- Name: auth_user_id_seq; Type: SEQUENCE SET; Schema: public; Owner: radio_user
--

SELECT pg_catalog.setval('public.auth_user_id_seq', 1, true);


--
-- TOC entry 5044 (class 0 OID 0)
-- Dependencies: 231
-- Name: auth_user_user_permissions_id_seq; Type: SEQUENCE SET; Schema: public; Owner: radio_user
--

SELECT pg_catalog.setval('public.auth_user_user_permissions_id_seq', 1, false);


--
-- TOC entry 5045 (class 0 OID 0)
-- Dependencies: 233
-- Name: django_admin_log_id_seq; Type: SEQUENCE SET; Schema: public; Owner: radio_user
--

SELECT pg_catalog.setval('public.django_admin_log_id_seq', 1, false);


--
-- TOC entry 5046 (class 0 OID 0)
-- Dependencies: 219
-- Name: django_content_type_id_seq; Type: SEQUENCE SET; Schema: public; Owner: radio_user
--

SELECT pg_catalog.setval('public.django_content_type_id_seq', 8, true);


--
-- TOC entry 5047 (class 0 OID 0)
-- Dependencies: 217
-- Name: django_migrations_id_seq; Type: SEQUENCE SET; Schema: public; Owner: radio_user
--

SELECT pg_catalog.setval('public.django_migrations_id_seq', 19, true);


--
-- TOC entry 4842 (class 2606 OID 16525)
-- Name: api_artist api_artist_pkey; Type: CONSTRAINT; Schema: public; Owner: radio_user
--

ALTER TABLE ONLY public.api_artist
    ADD CONSTRAINT api_artist_pkey PRIMARY KEY (id);


--
-- TOC entry 4845 (class 2606 OID 16531)
-- Name: api_hit api_hit_pkey; Type: CONSTRAINT; Schema: public; Owner: radio_user
--

ALTER TABLE ONLY public.api_hit
    ADD CONSTRAINT api_hit_pkey PRIMARY KEY (id);


--
-- TOC entry 4848 (class 2606 OID 16533)
-- Name: api_hit api_hit_title_url_key; Type: CONSTRAINT; Schema: public; Owner: radio_user
--

ALTER TABLE ONLY public.api_hit
    ADD CONSTRAINT api_hit_title_url_key UNIQUE (title_url);


--
-- TOC entry 4811 (class 2606 OID 16547)
-- Name: auth_group auth_group_name_key; Type: CONSTRAINT; Schema: public; Owner: radio_user
--

ALTER TABLE ONLY public.auth_group
    ADD CONSTRAINT auth_group_name_key UNIQUE (name);


--
-- TOC entry 4816 (class 2606 OID 16457)
-- Name: auth_group_permissions auth_group_permissions_group_id_permission_id_0cd325b0_uniq; Type: CONSTRAINT; Schema: public; Owner: radio_user
--

ALTER TABLE ONLY public.auth_group_permissions
    ADD CONSTRAINT auth_group_permissions_group_id_permission_id_0cd325b0_uniq UNIQUE (group_id, permission_id);


--
-- TOC entry 4819 (class 2606 OID 16426)
-- Name: auth_group_permissions auth_group_permissions_pkey; Type: CONSTRAINT; Schema: public; Owner: radio_user
--

ALTER TABLE ONLY public.auth_group_permissions
    ADD CONSTRAINT auth_group_permissions_pkey PRIMARY KEY (id);


--
-- TOC entry 4813 (class 2606 OID 16418)
-- Name: auth_group auth_group_pkey; Type: CONSTRAINT; Schema: public; Owner: radio_user
--

ALTER TABLE ONLY public.auth_group
    ADD CONSTRAINT auth_group_pkey PRIMARY KEY (id);


--
-- TOC entry 4806 (class 2606 OID 16448)
-- Name: auth_permission auth_permission_content_type_id_codename_01ab375a_uniq; Type: CONSTRAINT; Schema: public; Owner: radio_user
--

ALTER TABLE ONLY public.auth_permission
    ADD CONSTRAINT auth_permission_content_type_id_codename_01ab375a_uniq UNIQUE (content_type_id, codename);


--
-- TOC entry 4808 (class 2606 OID 16412)
-- Name: auth_permission auth_permission_pkey; Type: CONSTRAINT; Schema: public; Owner: radio_user
--

ALTER TABLE ONLY public.auth_permission
    ADD CONSTRAINT auth_permission_pkey PRIMARY KEY (id);


--
-- TOC entry 4827 (class 2606 OID 16440)
-- Name: auth_user_groups auth_user_groups_pkey; Type: CONSTRAINT; Schema: public; Owner: radio_user
--

ALTER TABLE ONLY public.auth_user_groups
    ADD CONSTRAINT auth_user_groups_pkey PRIMARY KEY (id);


--
-- TOC entry 4830 (class 2606 OID 16472)
-- Name: auth_user_groups auth_user_groups_user_id_group_id_94350c0c_uniq; Type: CONSTRAINT; Schema: public; Owner: radio_user
--

ALTER TABLE ONLY public.auth_user_groups
    ADD CONSTRAINT auth_user_groups_user_id_group_id_94350c0c_uniq UNIQUE (user_id, group_id);


--
-- TOC entry 4821 (class 2606 OID 16432)
-- Name: auth_user auth_user_pkey; Type: CONSTRAINT; Schema: public; Owner: radio_user
--

ALTER TABLE ONLY public.auth_user
    ADD CONSTRAINT auth_user_pkey PRIMARY KEY (id);


--
-- TOC entry 4833 (class 2606 OID 16446)
-- Name: auth_user_user_permissions auth_user_user_permissions_pkey; Type: CONSTRAINT; Schema: public; Owner: radio_user
--

ALTER TABLE ONLY public.auth_user_user_permissions
    ADD CONSTRAINT auth_user_user_permissions_pkey PRIMARY KEY (id);


--
-- TOC entry 4836 (class 2606 OID 16486)
-- Name: auth_user_user_permissions auth_user_user_permissions_user_id_permission_id_14a6b632_uniq; Type: CONSTRAINT; Schema: public; Owner: radio_user
--

ALTER TABLE ONLY public.auth_user_user_permissions
    ADD CONSTRAINT auth_user_user_permissions_user_id_permission_id_14a6b632_uniq UNIQUE (user_id, permission_id);


--
-- TOC entry 4824 (class 2606 OID 16542)
-- Name: auth_user auth_user_username_key; Type: CONSTRAINT; Schema: public; Owner: radio_user
--

ALTER TABLE ONLY public.auth_user
    ADD CONSTRAINT auth_user_username_key UNIQUE (username);


--
-- TOC entry 4839 (class 2606 OID 16507)
-- Name: django_admin_log django_admin_log_pkey; Type: CONSTRAINT; Schema: public; Owner: radio_user
--

ALTER TABLE ONLY public.django_admin_log
    ADD CONSTRAINT django_admin_log_pkey PRIMARY KEY (id);


--
-- TOC entry 4801 (class 2606 OID 16406)
-- Name: django_content_type django_content_type_app_label_model_76bd3d3b_uniq; Type: CONSTRAINT; Schema: public; Owner: radio_user
--

ALTER TABLE ONLY public.django_content_type
    ADD CONSTRAINT django_content_type_app_label_model_76bd3d3b_uniq UNIQUE (app_label, model);


--
-- TOC entry 4803 (class 2606 OID 16404)
-- Name: django_content_type django_content_type_pkey; Type: CONSTRAINT; Schema: public; Owner: radio_user
--

ALTER TABLE ONLY public.django_content_type
    ADD CONSTRAINT django_content_type_pkey PRIMARY KEY (id);


--
-- TOC entry 4799 (class 2606 OID 16398)
-- Name: django_migrations django_migrations_pkey; Type: CONSTRAINT; Schema: public; Owner: radio_user
--

ALTER TABLE ONLY public.django_migrations
    ADD CONSTRAINT django_migrations_pkey PRIMARY KEY (id);


--
-- TOC entry 4851 (class 2606 OID 16555)
-- Name: django_session django_session_pkey; Type: CONSTRAINT; Schema: public; Owner: radio_user
--

ALTER TABLE ONLY public.django_session
    ADD CONSTRAINT django_session_pkey PRIMARY KEY (session_key);


--
-- TOC entry 4843 (class 1259 OID 16540)
-- Name: api_hit_artist_id_558c4d32; Type: INDEX; Schema: public; Owner: radio_user
--

CREATE INDEX api_hit_artist_id_558c4d32 ON public.api_hit USING btree (artist_id);


--
-- TOC entry 4846 (class 1259 OID 16539)
-- Name: api_hit_title_url_6135562f_like; Type: INDEX; Schema: public; Owner: radio_user
--

CREATE INDEX api_hit_title_url_6135562f_like ON public.api_hit USING btree (title_url varchar_pattern_ops);


--
-- TOC entry 4809 (class 1259 OID 16548)
-- Name: auth_group_name_a6ea08ec_like; Type: INDEX; Schema: public; Owner: radio_user
--

CREATE INDEX auth_group_name_a6ea08ec_like ON public.auth_group USING btree (name varchar_pattern_ops);


--
-- TOC entry 4814 (class 1259 OID 16468)
-- Name: auth_group_permissions_group_id_b120cbf9; Type: INDEX; Schema: public; Owner: radio_user
--

CREATE INDEX auth_group_permissions_group_id_b120cbf9 ON public.auth_group_permissions USING btree (group_id);


--
-- TOC entry 4817 (class 1259 OID 16469)
-- Name: auth_group_permissions_permission_id_84c5c92e; Type: INDEX; Schema: public; Owner: radio_user
--

CREATE INDEX auth_group_permissions_permission_id_84c5c92e ON public.auth_group_permissions USING btree (permission_id);


--
-- TOC entry 4804 (class 1259 OID 16454)
-- Name: auth_permission_content_type_id_2f476e4b; Type: INDEX; Schema: public; Owner: radio_user
--

CREATE INDEX auth_permission_content_type_id_2f476e4b ON public.auth_permission USING btree (content_type_id);


--
-- TOC entry 4825 (class 1259 OID 16484)
-- Name: auth_user_groups_group_id_97559544; Type: INDEX; Schema: public; Owner: radio_user
--

CREATE INDEX auth_user_groups_group_id_97559544 ON public.auth_user_groups USING btree (group_id);


--
-- TOC entry 4828 (class 1259 OID 16483)
-- Name: auth_user_groups_user_id_6a12ed8b; Type: INDEX; Schema: public; Owner: radio_user
--

CREATE INDEX auth_user_groups_user_id_6a12ed8b ON public.auth_user_groups USING btree (user_id);


--
-- TOC entry 4831 (class 1259 OID 16498)
-- Name: auth_user_user_permissions_permission_id_1fbb5f2c; Type: INDEX; Schema: public; Owner: radio_user
--

CREATE INDEX auth_user_user_permissions_permission_id_1fbb5f2c ON public.auth_user_user_permissions USING btree (permission_id);


--
-- TOC entry 4834 (class 1259 OID 16497)
-- Name: auth_user_user_permissions_user_id_a95ead1b; Type: INDEX; Schema: public; Owner: radio_user
--

CREATE INDEX auth_user_user_permissions_user_id_a95ead1b ON public.auth_user_user_permissions USING btree (user_id);


--
-- TOC entry 4822 (class 1259 OID 16543)
-- Name: auth_user_username_6821ab7c_like; Type: INDEX; Schema: public; Owner: radio_user
--

CREATE INDEX auth_user_username_6821ab7c_like ON public.auth_user USING btree (username varchar_pattern_ops);


--
-- TOC entry 4837 (class 1259 OID 16518)
-- Name: django_admin_log_content_type_id_c4bce8eb; Type: INDEX; Schema: public; Owner: radio_user
--

CREATE INDEX django_admin_log_content_type_id_c4bce8eb ON public.django_admin_log USING btree (content_type_id);


--
-- TOC entry 4840 (class 1259 OID 16519)
-- Name: django_admin_log_user_id_c564eba6; Type: INDEX; Schema: public; Owner: radio_user
--

CREATE INDEX django_admin_log_user_id_c564eba6 ON public.django_admin_log USING btree (user_id);


--
-- TOC entry 4849 (class 1259 OID 16557)
-- Name: django_session_expire_date_a5c62663; Type: INDEX; Schema: public; Owner: radio_user
--

CREATE INDEX django_session_expire_date_a5c62663 ON public.django_session USING btree (expire_date);


--
-- TOC entry 4852 (class 1259 OID 16556)
-- Name: django_session_session_key_c0390e0f_like; Type: INDEX; Schema: public; Owner: radio_user
--

CREATE INDEX django_session_session_key_c0390e0f_like ON public.django_session USING btree (session_key varchar_pattern_ops);


--
-- TOC entry 4862 (class 2606 OID 16534)
-- Name: api_hit api_hit_artist_id_558c4d32_fk_api_artist_id; Type: FK CONSTRAINT; Schema: public; Owner: radio_user
--

ALTER TABLE ONLY public.api_hit
    ADD CONSTRAINT api_hit_artist_id_558c4d32_fk_api_artist_id FOREIGN KEY (artist_id) REFERENCES public.api_artist(id) DEFERRABLE INITIALLY DEFERRED;


--
-- TOC entry 4854 (class 2606 OID 16463)
-- Name: auth_group_permissions auth_group_permissio_permission_id_84c5c92e_fk_auth_perm; Type: FK CONSTRAINT; Schema: public; Owner: radio_user
--

ALTER TABLE ONLY public.auth_group_permissions
    ADD CONSTRAINT auth_group_permissio_permission_id_84c5c92e_fk_auth_perm FOREIGN KEY (permission_id) REFERENCES public.auth_permission(id) DEFERRABLE INITIALLY DEFERRED;


--
-- TOC entry 4855 (class 2606 OID 16458)
-- Name: auth_group_permissions auth_group_permissions_group_id_b120cbf9_fk_auth_group_id; Type: FK CONSTRAINT; Schema: public; Owner: radio_user
--

ALTER TABLE ONLY public.auth_group_permissions
    ADD CONSTRAINT auth_group_permissions_group_id_b120cbf9_fk_auth_group_id FOREIGN KEY (group_id) REFERENCES public.auth_group(id) DEFERRABLE INITIALLY DEFERRED;


--
-- TOC entry 4853 (class 2606 OID 16449)
-- Name: auth_permission auth_permission_content_type_id_2f476e4b_fk_django_co; Type: FK CONSTRAINT; Schema: public; Owner: radio_user
--

ALTER TABLE ONLY public.auth_permission
    ADD CONSTRAINT auth_permission_content_type_id_2f476e4b_fk_django_co FOREIGN KEY (content_type_id) REFERENCES public.django_content_type(id) DEFERRABLE INITIALLY DEFERRED;


--
-- TOC entry 4856 (class 2606 OID 16478)
-- Name: auth_user_groups auth_user_groups_group_id_97559544_fk_auth_group_id; Type: FK CONSTRAINT; Schema: public; Owner: radio_user
--

ALTER TABLE ONLY public.auth_user_groups
    ADD CONSTRAINT auth_user_groups_group_id_97559544_fk_auth_group_id FOREIGN KEY (group_id) REFERENCES public.auth_group(id) DEFERRABLE INITIALLY DEFERRED;


--
-- TOC entry 4857 (class 2606 OID 16473)
-- Name: auth_user_groups auth_user_groups_user_id_6a12ed8b_fk_auth_user_id; Type: FK CONSTRAINT; Schema: public; Owner: radio_user
--

ALTER TABLE ONLY public.auth_user_groups
    ADD CONSTRAINT auth_user_groups_user_id_6a12ed8b_fk_auth_user_id FOREIGN KEY (user_id) REFERENCES public.auth_user(id) DEFERRABLE INITIALLY DEFERRED;


--
-- TOC entry 4858 (class 2606 OID 16492)
-- Name: auth_user_user_permissions auth_user_user_permi_permission_id_1fbb5f2c_fk_auth_perm; Type: FK CONSTRAINT; Schema: public; Owner: radio_user
--

ALTER TABLE ONLY public.auth_user_user_permissions
    ADD CONSTRAINT auth_user_user_permi_permission_id_1fbb5f2c_fk_auth_perm FOREIGN KEY (permission_id) REFERENCES public.auth_permission(id) DEFERRABLE INITIALLY DEFERRED;


--
-- TOC entry 4859 (class 2606 OID 16487)
-- Name: auth_user_user_permissions auth_user_user_permissions_user_id_a95ead1b_fk_auth_user_id; Type: FK CONSTRAINT; Schema: public; Owner: radio_user
--

ALTER TABLE ONLY public.auth_user_user_permissions
    ADD CONSTRAINT auth_user_user_permissions_user_id_a95ead1b_fk_auth_user_id FOREIGN KEY (user_id) REFERENCES public.auth_user(id) DEFERRABLE INITIALLY DEFERRED;


--
-- TOC entry 4860 (class 2606 OID 16508)
-- Name: django_admin_log django_admin_log_content_type_id_c4bce8eb_fk_django_co; Type: FK CONSTRAINT; Schema: public; Owner: radio_user
--

ALTER TABLE ONLY public.django_admin_log
    ADD CONSTRAINT django_admin_log_content_type_id_c4bce8eb_fk_django_co FOREIGN KEY (content_type_id) REFERENCES public.django_content_type(id) DEFERRABLE INITIALLY DEFERRED;


--
-- TOC entry 4861 (class 2606 OID 16513)
-- Name: django_admin_log django_admin_log_user_id_c564eba6_fk_auth_user_id; Type: FK CONSTRAINT; Schema: public; Owner: radio_user
--

ALTER TABLE ONLY public.django_admin_log
    ADD CONSTRAINT django_admin_log_user_id_c564eba6_fk_auth_user_id FOREIGN KEY (user_id) REFERENCES public.auth_user(id) DEFERRABLE INITIALLY DEFERRED;


--
-- TOC entry 5036 (class 0 OID 0)
-- Dependencies: 5
-- Name: SCHEMA public; Type: ACL; Schema: -; Owner: pg_database_owner
--

GRANT ALL ON SCHEMA public TO radio_user;


--
-- TOC entry 2098 (class 826 OID 16390)
-- Name: DEFAULT PRIVILEGES FOR TABLES; Type: DEFAULT ACL; Schema: public; Owner: postgres
--

ALTER DEFAULT PRIVILEGES FOR ROLE postgres IN SCHEMA public GRANT ALL ON TABLES TO radio_user;


-- Completed on 2025-05-19 00:29:27

--
-- PostgreSQL database dump complete
--

